Country Name,Country Code,Series Name,Series Code,Version Name,Version Code,1970 [YR1970],1971 [YR1971],1972 [YR1972],1973 [YR1973],1974 [YR1974],1975 [YR1975],1976 [YR1976],1977 [YR1977],1978 [YR1978],1979 [YR1979],1980 [YR1980],1981 [YR1981],1982 [YR1982],1983 [YR1983],1984 [YR1984],1985 [YR1985],1986 [YR1986],1987 [YR1987],1988 [YR1988],1989 [YR1989],1990 [YR1990],1991 [YR1991],1992 [YR1992],1993 [YR1993],1994 [YR1994],1995 [YR1995],1996 [YR1996],1997 [YR1997],1998 [YR1998],1999 [YR1999],2000 [YR2000],2001 [YR2001],2002 [YR2002],2003 [YR2003],2004 [YR2004],2005 [YR2005],2006 [YR2006],2007 [YR2007],2008 [YR2008],2009 [YR2009],2010 [YR2010],2011 [YR2011],2012 [YR2012],2013 [YR2013],2014 [YR2014],2015 [YR2015],2016 [YR2016],2017 [YR2017],2018 [YR2018],2019 [YR2019]
Afghanistan,AFG,"Population aged 15-64, total",SP.POP.1564.IN,2018 Oct,201810,,,,,,,,,,,,,,,,,,,,,,,,,,,,,,,,,,,,,,,,,,,,,,,,,,
Albania,ALB,"Population aged 15-64, total",SP.POP.1564.IN,2018 Oct,201810,,,,,,,,,,,,,,,,,,,,,,,,,,,,,,,,,,,,,,,,,,,,,,,,,,
Algeria,DZA,"Population aged 15-64, total",SP.POP.1564.IN,2018 Oct,201810,,,,,,,,,,,,,,,,,,,,,,,,,,,,,,,,,,,,,,,,,,,,,,,,,,
American Samoa,ASM,"Population aged 15-64, total",SP.POP.1564.IN,2018 Oct,201810,,,,,,,,,,,,,,,,,,,,,,,,,,,,,,,,,,,,,,,,,,,,,,,,,,
Andorra,AND,"Population aged 15-64, total",SP.POP.1564.IN,2018 Oct,201810,,,,,,,,,,,,,,,,,,,,,,,,,,,,,,,,,,,,,,,,,,,,,,,,,,
Angola,AGO,"Population aged 15-64, total",SP.POP.1564.IN,2018 Oct,201810,,,,,,,,,,,,,,,,,,,,,,,,,,,,,,,,,,,,,,,,,,,,,,,,,,
Antigua and Barbuda,ATG,"Population aged 15-64, total",SP.POP.1564.IN,2018 Oct,201810,,,,,,,,,,,,,,,,,,,,,,,,,,,,,,,,,,,,,,,,,,,,,,,,,,
Arab League states,ARB,"Population aged 15-64, total",SP.POP.1564.IN,2018 Oct,201810,,,,,,,,,,,,,,,,,,,,,,,,,,,,,,,,,,,,,,,,,,,,,,,,,,
Argentina,ARG,"Population aged 15-64, total",SP.POP.1564.IN,2018 Oct,201810,,,,,,,,,,,,,,,,,,,,,,,,,,,,,,,,,,,,,,,,,,,,,,,,,,
Armenia,ARM,"Population aged 15-64, total",SP.POP.1564.IN,2018 Oct,201810,,,,,,,,,,,,,,,,,,,,,,,,,,,,,,,,,,,,,,,,,,,,,,,,,,
Aruba,ABW,"Population aged 15-64, total",SP.POP.1564.IN,2018 Oct,201810,,,,,,,,,,,,,,,,,,,,,,,,,,,,,,,,,,,,,,,,,,,,,,,,,,
Australia,AUS,"Population aged 15-64, total",SP.POP.1564.IN,2018 Oct,201810,,,,,,,,,,,,,,,,,,,,,,,,,,,,,,,,,,,,,,,,,,,,,,,,,,
Austria,AUT,"Population aged 15-64, total",SP.POP.1564.IN,2018 Oct,201810,,,,,,,,,,,,,,,,,,,,,,,,,,,,,,,,,,,,,,,,,,,,,,,,,,
Azerbaijan,AZE,"Population aged 15-64, total",SP.POP.1564.IN,2018 Oct,201810,,,,,,,,,,,,,,,,,,,,,,,,,,,,,,,,,,,,,,,,,,,,,,,,,,
"Bahamas, The",BHS,"Population aged 15-64, total",SP.POP.1564.IN,2018 Oct,201810,,,,,,,,,,,,,,,,,,,,,,,,,,,,,,,,,,,,,,,,,,,,,,,,,,
Bahrain,BHR,"Population aged 15-64, total",SP.POP.1564.IN,2018 Oct,201810,,,,,,,,,,,,,,,,,,,,,,,,,,,,,,,,,,,,,,,,,,,,,,,,,,
Bangladesh,BGD,"Population aged 15-64, total",SP.POP.1564.IN,2018 Oct,201810,,,,,,,,,,,,,,,,,,,,,,,,,,,,,,,,,,,,,,,,,,,,,,,,,,
Barbados,BRB,"Population aged 15-64, total",SP.POP.1564.IN,2018 Oct,201810,,,,,,,,,,,,,,,,,,,,,,,,,,,,,,,,,,,,,,,,,,,,,,,,,,
Belarus,BLR,"Population aged 15-64, total",SP.POP.1564.IN,2018 Oct,201810,,,,,,,,,,,,,,,,,,,,,,,,,,,,,,,,,,,,,,,,,,,,,,,,,,
Belgium,BEL,"Population aged 15-64, total",SP.POP.1564.IN,2018 Oct,201810,,,,,,,,,,,,,,,,,,,,,,,,,,,,,,,,,,,,,,,,,,,,,,,,,,
Belize,BLZ,"Population aged 15-64, total",SP.POP.1564.IN,2018 Oct,201810,,,,,,,,,,,,,,,,,,,,,,,,,,,,,,,,,,,,,,,,,,,,,,,,,,
Benin,BEN,"Population aged 15-64, total",SP.POP.1564.IN,2018 Oct,201810,,,,,,,,,,,,,,,,,,,,,,,,,,,,,,,,,,,,,,,,,,,,,,,,,,
Bermuda,BMU,"Population aged 15-64, total",SP.POP.1564.IN,2018 Oct,201810,,,,,,,,,,,,,,,,,,,,,,,,,,,,,,,,,,,,,,,,,,,,,,,,,,
Bhutan,BTN,"Population aged 15-64, total",SP.POP.1564.IN,2018 Oct,201810,,,,,,,,,,,,,,,,,,,,,,,,,,,,,,,,,,,,,,,,,,,,,,,,,,
Bolivia,BOL,"Population aged 15-64, total",SP.POP.1564.IN,2018 Oct,201810,,,,,,,,,,,,,,,,,,,,,,,,,,,,,,,,,,,,,,,,,,,,,,,,,,
Bosnia and Herzegovina,BIH,"Population aged 15-64, total",SP.POP.1564.IN,2018 Oct,201810,,,,,,,,,,,,,,,,,,,,,,,,,,,,,,,,,,,,,,,,,,,,,,,,,,
Botswana,BWA,"Population aged 15-64, total",SP.POP.1564.IN,2018 Oct,201810,,,,,,,,,,,,,,,,,,,,,,,,,,,,,,,,,,,,,,,,,,,,,,,,,,
Brazil,BRA,"Population aged 15-64, total",SP.POP.1564.IN,2018 Oct,201810,,,,,,,,,,,,,,,,,,,,,,,,,,,,,,,,,,,,,,,,,,,,,,,,,,
British Virgin Islands,VGB,"Population aged 15-64, total",SP.POP.1564.IN,2018 Oct,201810,,,,,,,,,,,,,,,,,,,,,,,,,,,,,,,,,,,,,,,,,,,,,,,,,,
Brunei,BRN,"Population aged 15-64, total",SP.POP.1564.IN,2018 Oct,201810,,,,,,,,,,,,,,,,,,,,,,,,,,,,,,,,,,,,,,,,,,,,,,,,,,
Bulgaria,BGR,"Population aged 15-64, total",SP.POP.1564.IN,2018 Oct,201810,,,,,,,,,,,,,,,,,,,,,,,,,,,,,,,,,,,,,,,,,,,,,,,,,,
Burkina Faso,BFA,"Population aged 15-64, total",SP.POP.1564.IN,2018 Oct,201810,,,,,,,,,,,,,,,,,,,,,,,,,,,,,,,,,,,,,,,,,,,,,,,,,,
Burundi,BDI,"Population aged 15-64, total",SP.POP.1564.IN,2018 Oct,201810,,,,,,,,,,,,,,,,,,,,,,,,,,,,,,,,,,,,,,,,,,,,,,,,,,
Cambodia,KHM,"Population aged 15-64, total",SP.POP.1564.IN,2018 Oct,201810,,,,,,,,,,,,,,,,,,,,,,,,,,,,,,,,,,,,,,,,,,,,,,,,,,
Cameroon,CMR,"Population aged 15-64, total",SP.POP.1564.IN,2018 Oct,201810,,,,,,,,,,,,,,,,,,,,,,,,,,,,,,,,,,,,,,,,,,,,,,,,,,
Canada,CAN,"Population aged 15-64, total",SP.POP.1564.IN,2018 Oct,201810,,,,,,,,,,,,,,,,,,,,,,,,,,,,,,,,,,,,,,,,,,,,,,,,,,
Cape Verde,CPV,"Population aged 15-64, total",SP.POP.1564.IN,2018 Oct,201810,,,,,,,,,,,,,,,,,,,,,,,,,,,,,,,,,,,,,,,,,,,,,,,,,,
Caribbean small states,CSS,"Population aged 15-64, total",SP.POP.1564.IN,2018 Oct,201810,,,,,,,,,,,,,,,,,,,,,,,,,,,,,,,,,,,,,,,,,,,,,,,,,,
Cayman Islands,CYM,"Population aged 15-64, total",SP.POP.1564.IN,2018 Oct,201810,,,,,,,,,,,,,,,,,,,,,,,,,,,,,,,,,,,,,,,,,,,,,,,,,,
Central African Republic,CAF,"Population aged 15-64, total",SP.POP.1564.IN,2018 Oct,201810,,,,,,,,,,,,,,,,,,,,,,,,,,,,,,,,,,,,,,,,,,,,,,,,,,
Central Europe and the Baltics,CEB,"Population aged 15-64, total",SP.POP.1564.IN,2018 Oct,201810,,,,,,,,,,,,,,,,,,,,,,,,,,,,,,,,,,,,,,,,,,,,,,,,,,
Chad,TCD,"Population aged 15-64, total",SP.POP.1564.IN,2018 Oct,201810,,,,,,,,,,,,,,,,,,,,,,,,,,,,,,,,,,,,,,,,,,,,,,,,,,
Channel Islands,CHI,"Population aged 15-64, total",SP.POP.1564.IN,2018 Oct,201810,,,,,,,,,,,,,,,,,,,,,,,,,,,,,,,,,,,,,,,,,,,,,,,,,,
Chile,CHL,"Population aged 15-64, total",SP.POP.1564.IN,2018 Oct,201810,,,,,,,,,,,,,,,,,,,,,,,,,,,,,,,,,,,,,,,,,,,,,,,,,,
China,CHN,"Population aged 15-64, total",SP.POP.1564.IN,2018 Oct,201810,,,,,,,,,,,,,,,,,,,,,,,,,,,,,,,,,,,,,,,,,,,,,,,,,,
China and India,CNI,"Population aged 15-64, total",SP.POP.1564.IN,2018 Oct,201810,,,,,,,,,,,,,,,,,,,,,,,,,,,,,,,,,,,,,,,,,,,,,,,,,,
Colombia,COL,"Population aged 15-64, total",SP.POP.1564.IN,2018 Oct,201810,,,,,,,,,,,,,,,,,,,,,,,,,,,,,,,,,,,,,,,,,,,,,,,,,,
Comoros,COM,"Population aged 15-64, total",SP.POP.1564.IN,2018 Oct,201810,,,,,,,,,,,,,,,,,,,,,,,,,,,,,,,,,,,,,,,,,,,,,,,,,,
Congo,COG,"Population aged 15-64, total",SP.POP.1564.IN,2018 Oct,201810,,,,,,,,,,,,,,,,,,,,,,,,,,,,,,,,,,,,,,,,,,,,,,,,,,
"Congo, Dem. Rep.",COD,"Population aged 15-64, total",SP.POP.1564.IN,2018 Oct,201810,,,,,,,,,,,,,,,,,,,,,,,,,,,,,,,,,,,,,,,,,,,,,,,,,,
Costa Rica,CRI,"Population aged 15-64, total",SP.POP.1564.IN,2018 Oct,201810,,,,,,,,,,,,,,,,,,,,,,,,,,,,,,,,,,,,,,,,,,,,,,,,,,
Cote d'Ivoire,CIV,"Population aged 15-64, total",SP.POP.1564.IN,2018 Oct,201810,,,,,,,,,,,,,,,,,,,,,,,,,,,,,,,,,,,,,,,,,,,,,,,,,,
Croatia,HRV,"Population aged 15-64, total",SP.POP.1564.IN,2018 Oct,201810,,,,,,,,,,,,,,,,,,,,,,,,,,,,,,,,,,,,,,,,,,,,,,,,,,
Cuba,CUB,"Population aged 15-64, total",SP.POP.1564.IN,2018 Oct,201810,,,,,,,,,,,,,,,,,,,,,,,,,,,,,,,,,,,,,,,,,,,,,,,,,,
Curacao,CUW,"Population aged 15-64, total",SP.POP.1564.IN,2018 Oct,201810,,,,,,,,,,,,,,,,,,,,,,,,,,,,,,,,,,,,,,,,,,,,,,,,,,
Cyprus,CYP,"Population aged 15-64, total",SP.POP.1564.IN,2018 Oct,201810,,,,,,,,,,,,,,,,,,,,,,,,,,,,,,,,,,,,,,,,,,,,,,,,,,
Czech Republic,CZE,"Population aged 15-64, total",SP.POP.1564.IN,2018 Oct,201810,,,,,,,,,,,,,,,,,,,,,,,,,,,,,,,,,,,,,,,,,,,,,,,,,,
Czechoslovakia,CSK,"Population aged 15-64, total",SP.POP.1564.IN,2018 Oct,201810,,,,,,,,,,,,,,,,,,,,,,,,,,,,,,,,,,,,,,,,,,,,,,,,,,
Dem. People's Rep. Korea,PRK,"Population aged 15-64, total",SP.POP.1564.IN,2018 Oct,201810,,,,,,,,,,,,,,,,,,,,,,,,,,,,,,,,,,,,,,,,,,,,,,,,,,
Denmark,DNK,"Population aged 15-64, total",SP.POP.1564.IN,2018 Oct,201810,,,,,,,,,,,,,,,,,,,,,,,,,,,,,,,,,,,,,,,,,,,,,,,,,,
Djibouti,DJI,"Population aged 15-64, total",SP.POP.1564.IN,2018 Oct,201810,,,,,,,,,,,,,,,,,,,,,,,,,,,,,,,,,,,,,,,,,,,,,,,,,,
Dominica,DMA,"Population aged 15-64, total",SP.POP.1564.IN,2018 Oct,201810,,,,,,,,,,,,,,,,,,,,,,,,,,,,,,,,,,,,,,,,,,,,,,,,,,
Dominican Republic,DOM,"Population aged 15-64, total",SP.POP.1564.IN,2018 Oct,201810,,,,,,,,,,,,,,,,,,,,,,,,,,,,,,,,,,,,,,,,,,,,,,,,,,
Early-demographic dividend,EAR,"Population aged 15-64, total",SP.POP.1564.IN,2018 Oct,201810,,,,,,,,,,,,,,,,,,,,,,,,,,,,,,,,,,,,,,,,,,,,,,,,,,
East Asia & Pacific,EAP,"Population aged 15-64, total",SP.POP.1564.IN,2018 Oct,201810,,,,,,,,,,,,,,,,,,,,,,,,,,,,,,,,,,,,,,,,,,,,,,,,,,
East Asia & Pacific (all income levels),EAS,"Population aged 15-64, total",SP.POP.1564.IN,2018 Oct,201810,,,,,,,,,,,,,,,,,,,,,,,,,,,,,,,,,,,,,,,,,,,,,,,,,,
East Asia & Pacific (IDA & IBRD),TEA,"Population aged 15-64, total",SP.POP.1564.IN,2018 Oct,201810,,,,,,,,,,,,,,,,,,,,,,,,,,,,,,,,,,,,,,,,,,,,,,,,,,
East Asia and the Pacific (IFC classification),CEA,"Population aged 15-64, total",SP.POP.1564.IN,2018 Oct,201810,,,,,,,,,,,,,,,,,,,,,,,,,,,,,,,,,,,,,,,,,,,,,,,,,,
EASTERN EUROPE,EER,"Population aged 15-64, total",SP.POP.1564.IN,2018 Oct,201810,,,,,,,,,,,,,,,,,,,,,,,,,,,,,,,,,,,,,,,,,,,,,,,,,,
Ecuador,ECU,"Population aged 15-64, total",SP.POP.1564.IN,2018 Oct,201810,,,,,,,,,,,,,,,,,,,,,,,,,,,,,,,,,,,,,,,,,,,,,,,,,,
Egypt,EGY,"Population aged 15-64, total",SP.POP.1564.IN,2018 Oct,201810,,,,,,,,,,,,,,,,,,,,,,,,,,,,,,,,,,,,,,,,,,,,,,,,,,
El Salvador,SLV,"Population aged 15-64, total",SP.POP.1564.IN,2018 Oct,201810,,,,,,,,,,,,,,,,,,,,,,,,,,,,,,,,,,,,,,,,,,,,,,,,,,
Equatorial Guinea,GNQ,"Population aged 15-64, total",SP.POP.1564.IN,2018 Oct,201810,,,,,,,,,,,,,,,,,,,,,,,,,,,,,,,,,,,,,,,,,,,,,,,,,,
Eritrea,ERI,"Population aged 15-64, total",SP.POP.1564.IN,2018 Oct,201810,,,,,,,,,,,,,,,,,,,,,,,,,,,,,,,,,,,,,,,,,,,,,,,,,,
Estonia,EST,"Population aged 15-64, total",SP.POP.1564.IN,2018 Oct,201810,,,,,,,,,,,,,,,,,,,,,,,,,,,,,,,,,,,,,,,,,,,,,,,,,,
Ethiopia,ETH,"Population aged 15-64, total",SP.POP.1564.IN,2018 Oct,201810,,,,,,,,,,,,,,,,,,,,,,,,,,,,,,,,,,,,,,,,,,,,,,,,,,
Euro area,EMU,"Population aged 15-64, total",SP.POP.1564.IN,2018 Oct,201810,,,,,,,,,,,,,,,,,,,,,,,,,,,,,,,,,,,,,,,,,,,,,,,,,,
Europe & Central Asia,ECA,"Population aged 15-64, total",SP.POP.1564.IN,2018 Oct,201810,,,,,,,,,,,,,,,,,,,,,,,,,,,,,,,,,,,,,,,,,,,,,,,,,,
Europe & Central Asia (all income levels),ECS,"Population aged 15-64, total",SP.POP.1564.IN,2018 Oct,201810,,,,,,,,,,,,,,,,,,,,,,,,,,,,,,,,,,,,,,,,,,,,,,,,,,
Europe & Central Asia (IDA & IBRD),TEC,"Population aged 15-64, total",SP.POP.1564.IN,2018 Oct,201810,,,,,,,,,,,,,,,,,,,,,,,,,,,,,,,,,,,,,,,,,,,,,,,,,,
Europe and Central Asia (IFC classification),CEU,"Population aged 15-64, total",SP.POP.1564.IN,2018 Oct,201810,,,,,,,,,,,,,,,,,,,,,,,,,,,,,,,,,,,,,,,,,,,,,,,,,,
European Community,EEC,"Population aged 15-64, total",SP.POP.1564.IN,2018 Oct,201810,,,,,,,,,,,,,,,,,,,,,,,,,,,,,,,,,,,,,,,,,,,,,,,,,,
European Union,EUU,"Population aged 15-64, total",SP.POP.1564.IN,2018 Oct,201810,,,,,,,,,,,,,,,,,,,,,,,,,,,,,,,,,,,,,,,,,,,,,,,,,,
Faeroe Islands,FRO,"Population aged 15-64, total",SP.POP.1564.IN,2018 Oct,201810,,,,,,,,,,,,,,,,,,,,,,,,,,,,,,,,,,,,,,,,,,,,,,,,,,
Fiji,FJI,"Population aged 15-64, total",SP.POP.1564.IN,2018 Oct,201810,,,,,,,,,,,,,,,,,,,,,,,,,,,,,,,,,,,,,,,,,,,,,,,,,,
Finland,FIN,"Population aged 15-64, total",SP.POP.1564.IN,2018 Oct,201810,,,,,,,,,,,,,,,,,,,,,,,,,,,,,,,,,,,,,,,,,,,,,,,,,,
Fragile and conflict affected situations,FCS,"Population aged 15-64, total",SP.POP.1564.IN,2018 Oct,201810,,,,,,,,,,,,,,,,,,,,,,,,,,,,,,,,,,,,,,,,,,,,,,,,,,
France,FRA,"Population aged 15-64, total",SP.POP.1564.IN,2018 Oct,201810,,,,,,,,,,,,,,,,,,,,,,,,,,,,,,,,,,,,,,,,,,,,,,,,,,
French Guiana,GUF,"Population aged 15-64, total",SP.POP.1564.IN,2018 Oct,201810,,,,,,,,,,,,,,,,,,,,,,,,,,,,,,,,,,,,,,,,,,,,,,,,,,
French Polynesia,PYF,"Population aged 15-64, total",SP.POP.1564.IN,2018 Oct,201810,,,,,,,,,,,,,,,,,,,,,,,,,,,,,,,,,,,,,,,,,,,,,,,,,,
Gabon,GAB,"Population aged 15-64, total",SP.POP.1564.IN,2018 Oct,201810,,,,,,,,,,,,,,,,,,,,,,,,,,,,,,,,,,,,,,,,,,,,,,,,,,
"Gambia, The",GMB,"Population aged 15-64, total",SP.POP.1564.IN,2018 Oct,201810,,,,,,,,,,,,,,,,,,,,,,,,,,,,,,,,,,,,,,,,,,,,,,,,,,
Georgia,GEO,"Population aged 15-64, total",SP.POP.1564.IN,2018 Oct,201810,,,,,,,,,,,,,,,,,,,,,,,,,,,,,,,,,,,,,,,,,,,,,,,,,,
Germany,DEU,"Population aged 15-64, total",SP.POP.1564.IN,2018 Oct,201810,,,,,,,,,,,,,,,,,,,,,,,,,,,,,,,,,,,,,,,,,,,,,,,,,,
Ghana,GHA,"Population aged 15-64, total",SP.POP.1564.IN,2018 Oct,201810,,,,,,,,,,,,,,,,,,,,,,,,,,,,,,,,,,,,,,,,,,,,,,,,,,
Gibraltar,GIB,"Population aged 15-64, total",SP.POP.1564.IN,2018 Oct,201810,,,,,,,,,,,,,,,,,,,,,,,,,,,,,,,,,,,,,,,,,,,,,,,,,,
Greece,GRC,"Population aged 15-64, total",SP.POP.1564.IN,2018 Oct,201810,,,,,,,,,,,,,,,,,,,,,,,,,,,,,,,,,,,,,,,,,,,,,,,,,,
Greenland,GRL,"Population aged 15-64, total",SP.POP.1564.IN,2018 Oct,201810,,,,,,,,,,,,,,,,,,,,,,,,,,,,,,,,,,,,,,,,,,,,,,,,,,
Grenada,GRD,"Population aged 15-64, total",SP.POP.1564.IN,2018 Oct,201810,,,,,,,,,,,,,,,,,,,,,,,,,,,,,,,,,,,,,,,,,,,,,,,,,,
Guadeloupe,GLP,"Population aged 15-64, total",SP.POP.1564.IN,2018 Oct,201810,,,,,,,,,,,,,,,,,,,,,,,,,,,,,,,,,,,,,,,,,,,,,,,,,,
Guam,GUM,"Population aged 15-64, total",SP.POP.1564.IN,2018 Oct,201810,,,,,,,,,,,,,,,,,,,,,,,,,,,,,,,,,,,,,,,,,,,,,,,,,,
Guatemala,GTM,"Population aged 15-64, total",SP.POP.1564.IN,2018 Oct,201810,,,,,,,,,,,,,,,,,,,,,,,,,,,,,,,,,,,,,,,,,,,,,,,,,,
Guinea,GIN,"Population aged 15-64, total",SP.POP.1564.IN,2018 Oct,201810,,,,,,,,,,,,,,,,,,,,,,,,,,,,,,,,,,,,,,,,,,,,,,,,,,
Guinea-Bissau,GNB,"Population aged 15-64, total",SP.POP.1564.IN,2018 Oct,201810,,,,,,,,,,,,,,,,,,,,,,,,,,,,,,,,,,,,,,,,,,,,,,,,,,
Guyana,GUY,"Population aged 15-64, total",SP.POP.1564.IN,2018 Oct,201810,,,,,,,,,,,,,,,,,,,,,,,,,,,,,,,,,,,,,,,,,,,,,,,,,,
Haiti,HTI,"Population aged 15-64, total",SP.POP.1564.IN,2018 Oct,201810,,,,,,,,,,,,,,,,,,,,,,,,,,,,,,,,,,,,,,,,,,,,,,,,,,
Heavily indebted poor countries (HIPC),HPC,"Population aged 15-64, total",SP.POP.1564.IN,2018 Oct,201810,,,,,,,,,,,,,,,,,,,,,,,,,,,,,,,,,,,,,,,,,,,,,,,,,,
High income,HIC,"Population aged 15-64, total",SP.POP.1564.IN,2018 Oct,201810,,,,,,,,,,,,,,,,,,,,,,,,,,,,,,,,,,,,,,,,,,,,,,,,,,
High income: nonOECD,NOC,"Population aged 15-64, total",SP.POP.1564.IN,2018 Oct,201810,,,,,,,,,,,,,,,,,,,,,,,,,,,,,,,,,,,,,,,,,,,,,,,,,,
High income: OECD,OEC,"Population aged 15-64, total",SP.POP.1564.IN,2018 Oct,201810,,,,,,,,,,,,,,,,,,,,,,,,,,,,,,,,,,,,,,,,,,,,,,,,,,
Honduras,HND,"Population aged 15-64, total",SP.POP.1564.IN,2018 Oct,201810,,,,,,,,,,,,,,,,,,,,,,,,,,,,,,,,,,,,,,,,,,,,,,,,,,
"Hong Kong SAR, China",HKG,"Population aged 15-64, total",SP.POP.1564.IN,2018 Oct,201810,,,,,,,,,,,,,,,,,,,,,,,,,,,,,,,,,,,,,,,,,,,,,,,,,,
Hungary,HUN,"Population aged 15-64, total",SP.POP.1564.IN,2018 Oct,201810,,,,,,,,,,,,,,,,,,,,,,,,,,,,,,,,,,,,,,,,,,,,,,,,,,
IBRD only,IBD,"Population aged 15-64, total",SP.POP.1564.IN,2018 Oct,201810,,,,,,,,,,,,,,,,,,,,,,,,,,,,,,,,,,,,,,,,,,,,,,,,,,
Iceland,ISL,"Population aged 15-64, total",SP.POP.1564.IN,2018 Oct,201810,,,,,,,,,,,,,,,,,,,,,,,,,,,,,,,,,,,,,,,,,,,,,,,,,,
IDA & IBRD total,IBT,"Population aged 15-64, total",SP.POP.1564.IN,2018 Oct,201810,,,,,,,,,,,,,,,,,,,,,,,,,,,,,,,,,,,,,,,,,,,,,,,,,,
IDA blend,IDB,"Population aged 15-64, total",SP.POP.1564.IN,2018 Oct,201810,,,,,,,,,,,,,,,,,,,,,,,,,,,,,,,,,,,,,,,,,,,,,,,,,,
IDA only,IDX,"Population aged 15-64, total",SP.POP.1564.IN,2018 Oct,201810,,,,,,,,,,,,,,,,,,,,,,,,,,,,,,,,,,,,,,,,,,,,,,,,,,
IDA total,IDA,"Population aged 15-64, total",SP.POP.1564.IN,2018 Oct,201810,,,,,,,,,,,,,,,,,,,,,,,,,,,,,,,,,,,,,,,,,,,,,,,,,,
India,IND,"Population aged 15-64, total",SP.POP.1564.IN,2018 Oct,201810,,,,,,,,,,,,,,,,,,,,,,,,,,,,,,,,,,,,,,,,,,,,,,,,,,
Indonesia,IDN,"Population aged 15-64, total",SP.POP.1564.IN,2018 Oct,201810,,,,,,,,,,,,,,,,,,,,,,,,,,,,,,,,,,,,,,,,,,,,,,,,,,
Iran,IRN,"Population aged 15-64, total",SP.POP.1564.IN,2018 Oct,201810,,,,,,,,,,,,,,,,,,,,,,,,,,,,,,,,,,,,,,,,,,,,,,,,,,
Iraq,IRQ,"Population aged 15-64, total",SP.POP.1564.IN,2018 Oct,201810,,,,,,,,,,,,,,,,,,,,,,,,,,,,,,,,,,,,,,,,,,,,,,,,,,
Ireland,IRL,"Population aged 15-64, total",SP.POP.1564.IN,2018 Oct,201810,,,,,,,,,,,,,,,,,,,,,,,,,,,,,,,,,,,,,,,,,,,,,,,,,,
Isle of Man,IMN,"Population aged 15-64, total",SP.POP.1564.IN,2018 Oct,201810,,,,,,,,,,,,,,,,,,,,,,,,,,,,,,,,,,,,,,,,,,,,,,,,,,
Israel,ISR,"Population aged 15-64, total",SP.POP.1564.IN,2018 Oct,201810,,,,,,,,,,,,,,,,,,,,,,,,,,,,,,,,,,,,,,,,,,,,,,,,,,
Italy,ITA,"Population aged 15-64, total",SP.POP.1564.IN,2018 Oct,201810,,,,,,,,,,,,,,,,,,,,,,,,,,,,,,,,,,,,,,,,,,,,,,,,,,
Jamaica,JAM,"Population aged 15-64, total",SP.POP.1564.IN,2018 Oct,201810,,,,,,,,,,,,,,,,,,,,,,,,,,,,,,,,,,,,,,,,,,,,,,,,,,
Japan,JPN,"Population aged 15-64, total",SP.POP.1564.IN,2018 Oct,201810,,,,,,,,,,,,,,,,,,,,,,,,,,,,,,,,,,,,,,,,,,,,,,,,,,
Jordan,JOR,"Population aged 15-64, total",SP.POP.1564.IN,2018 Oct,201810,,,,,,,,,,,,,,,,,,,,,,,,,,,,,,,,,,,,,,,,,,,,,,,,,,
Kazakhstan,KAZ,"Population aged 15-64, total",SP.POP.1564.IN,2018 Oct,201810,,,,,,,,,,,,,,,,,,,,,,,,,,,,,,,,,,,,,,,,,,,,,,,,,,
Kenya,KEN,"Population aged 15-64, total",SP.POP.1564.IN,2018 Oct,201810,,,,,,,,,,,,,,,,,,,,,,,,,,,,,,,,,,,,,,,,,,,,,,,,,,
Kiribati,KIR,"Population aged 15-64, total",SP.POP.1564.IN,2018 Oct,201810,,,,,,,,,,,,,,,,,,,,,,,,,,,,,,,,,,,,,,,,,,,,,,,,,,
Korea,KOR,"Population aged 15-64, total",SP.POP.1564.IN,2018 Oct,201810,,,,,,,,,,,,,,,,,,,,,,,,,,,,,,,,,,,,,,,,,,,,,,,,,,
Kosovo,XKX,"Population aged 15-64, total",SP.POP.1564.IN,2018 Oct,201810,,,,,,,,,,,,,,,,,,,,,,,,,,,,,,,,,,,,,,,,,,,,,,,,,,
Kuwait,KWT,"Population aged 15-64, total",SP.POP.1564.IN,2018 Oct,201810,,,,,,,,,,,,,,,,,,,,,,,,,,,,,,,,,,,,,,,,,,,,,,,,,,
Kyrgyz Republic,KGZ,"Population aged 15-64, total",SP.POP.1564.IN,2018 Oct,201810,,,,,,,,,,,,,,,,,,,,,,,,,,,,,,,,,,,,,,,,,,,,,,,,,,
Lao PDR,LAO,"Population aged 15-64, total",SP.POP.1564.IN,2018 Oct,201810,,,,,,,,,,,,,,,,,,,,,,,,,,,,,,,,,,,,,,,,,,,,,,,,,,
Late-demographic dividend,LTE,"Population aged 15-64, total",SP.POP.1564.IN,2018 Oct,201810,,,,,,,,,,,,,,,,,,,,,,,,,,,,,,,,,,,,,,,,,,,,,,,,,,
Latin America & Caribbean,LAC,"Population aged 15-64, total",SP.POP.1564.IN,2018 Oct,201810,,,,,,,,,,,,,,,,,,,,,,,,,,,,,,,,,,,,,,,,,,,,,,,,,,
Latin America & Caribbean (all income levels),LCN,"Population aged 15-64, total",SP.POP.1564.IN,2018 Oct,201810,,,,,,,,,,,,,,,,,,,,,,,,,,,,,,,,,,,,,,,,,,,,,,,,,,
Latin America & Caribbean (IDA & IBRD),TLA,"Population aged 15-64, total",SP.POP.1564.IN,2018 Oct,201810,,,,,,,,,,,,,,,,,,,,,,,,,,,,,,,,,,,,,,,,,,,,,,,,,,
Latin America and the Caribbean (IFC classification),CLA,"Population aged 15-64, total",SP.POP.1564.IN,2018 Oct,201810,,,,,,,,,,,,,,,,,,,,,,,,,,,,,,,,,,,,,,,,,,,,,,,,,,
Latvia,LVA,"Population aged 15-64, total",SP.POP.1564.IN,2018 Oct,201810,,,,,,,,,,,,,,,,,,,,,,,,,,,,,,,,,,,,,,,,,,,,,,,,,,
Least developed countries: UN classification,LDC,"Population aged 15-64, total",SP.POP.1564.IN,2018 Oct,201810,,,,,,,,,,,,,,,,,,,,,,,,,,,,,,,,,,,,,,,,,,,,,,,,,,
Lebanon,LBN,"Population aged 15-64, total",SP.POP.1564.IN,2018 Oct,201810,,,,,,,,,,,,,,,,,,,,,,,,,,,,,,,,,,,,,,,,,,,,,,,,,,
Lesotho,LSO,"Population aged 15-64, total",SP.POP.1564.IN,2018 Oct,201810,,,,,,,,,,,,,,,,,,,,,,,,,,,,,,,,,,,,,,,,,,,,,,,,,,
Liberia,LBR,"Population aged 15-64, total",SP.POP.1564.IN,2018 Oct,201810,,,,,,,,,,,,,,,,,,,,,,,,,,,,,,,,,,,,,,,,,,,,,,,,,,
Libya,LBY,"Population aged 15-64, total",SP.POP.1564.IN,2018 Oct,201810,,,,,,,,,,,,,,,,,,,,,,,,,,,,,,,,,,,,,,,,,,,,,,,,,,
Liechtenstein,LIE,"Population aged 15-64, total",SP.POP.1564.IN,2018 Oct,201810,,,,,,,,,,,,,,,,,,,,,,,,,,,,,,,,,,,,,,,,,,,,,,,,,,
Lithuania,LTU,"Population aged 15-64, total",SP.POP.1564.IN,2018 Oct,201810,,,,,,,,,,,,,,,,,,,,,,,,,,,,,,,,,,,,,,,,,,,,,,,,,,
Low & middle income,LMY,"Population aged 15-64, total",SP.POP.1564.IN,2018 Oct,201810,,,,,,,,,,,,,,,,,,,,,,,,,,,,,,,,,,,,,,,,,,,,,,,,,,
Low income,LIC,"Population aged 15-64, total",SP.POP.1564.IN,2018 Oct,201810,,,,,,,,,,,,,,,,,,,,,,,,,,,,,,,,,,,,,,,,,,,,,,,,,,
"Low income, excluding China and India",LIX,"Population aged 15-64, total",SP.POP.1564.IN,2018 Oct,201810,,,,,,,,,,,,,,,,,,,,,,,,,,,,,,,,,,,,,,,,,,,,,,,,,,
Lower middle income,LMC,"Population aged 15-64, total",SP.POP.1564.IN,2018 Oct,201810,,,,,,,,,,,,,,,,,,,,,,,,,,,,,,,,,,,,,,,,,,,,,,,,,,
Low-income Africa,LSA,"Population aged 15-64, total",SP.POP.1564.IN,2018 Oct,201810,,,,,,,,,,,,,,,,,,,,,,,,,,,,,,,,,,,,,,,,,,,,,,,,,,
Luxembourg,LUX,"Population aged 15-64, total",SP.POP.1564.IN,2018 Oct,201810,,,,,,,,,,,,,,,,,,,,,,,,,,,,,,,,,,,,,,,,,,,,,,,,,,
"Macao SAR, China",MAC,"Population aged 15-64, total",SP.POP.1564.IN,2018 Oct,201810,,,,,,,,,,,,,,,,,,,,,,,,,,,,,,,,,,,,,,,,,,,,,,,,,,
Macedonia,MKD,"Population aged 15-64, total",SP.POP.1564.IN,2018 Oct,201810,,,,,,,,,,,,,,,,,,,,,,,,,,,,,,,,,,,,,,,,,,,,,,,,,,
Madagascar,MDG,"Population aged 15-64, total",SP.POP.1564.IN,2018 Oct,201810,,,,,,,,,,,,,,,,,,,,,,,,,,,,,,,,,,,,,,,,,,,,,,,,,,
Malawi,MWI,"Population aged 15-64, total",SP.POP.1564.IN,2018 Oct,201810,,,,,,,,,,,,,,,,,,,,,,,,,,,,,,,,,,,,,,,,,,,,,,,,,,
Malaysia,MYS,"Population aged 15-64, total",SP.POP.1564.IN,2018 Oct,201810,,,,,,,,,,,,,,,,,,,,,,,,,,,,,,,,,,,,,,,,,,,,,,,,,,
Maldives,MDV,"Population aged 15-64, total",SP.POP.1564.IN,2018 Oct,201810,,,,,,,,,,,,,,,,,,,,,,,,,,,,,,,,,,,,,,,,,,,,,,,,,,
Mali,MLI,"Population aged 15-64, total",SP.POP.1564.IN,2018 Oct,201810,,,,,,,,,,,,,,,,,,,,,,,,,,,,,,,,,,,,,,,,,,,,,,,,,,
Malta,MLT,"Population aged 15-64, total",SP.POP.1564.IN,2018 Oct,201810,,,,,,,,,,,,,,,,,,,,,,,,,,,,,,,,,,,,,,,,,,,,,,,,,,
Marshall Islands,MHL,"Population aged 15-64, total",SP.POP.1564.IN,2018 Oct,201810,,,,,,,,,,,,,,,,,,,,,,,,,,,,,,,,,,,,,,,,,,,,,,,,,,
Martinique,MTQ,"Population aged 15-64, total",SP.POP.1564.IN,2018 Oct,201810,,,,,,,,,,,,,,,,,,,,,,,,,,,,,,,,,,,,,,,,,,,,,,,,,,
Mauritania,MRT,"Population aged 15-64, total",SP.POP.1564.IN,2018 Oct,201810,,,,,,,,,,,,,,,,,,,,,,,,,,,,,,,,,,,,,,,,,,,,,,,,,,
Mauritius,MUS,"Population aged 15-64, total",SP.POP.1564.IN,2018 Oct,201810,,,,,,,,,,,,,,,,,,,,,,,,,,,,,,,,,,,,,,,,,,,,,,,,,,
Mayotte,MYT,"Population aged 15-64, total",SP.POP.1564.IN,2018 Oct,201810,,,,,,,,,,,,,,,,,,,,,,,,,,,,,,,,,,,,,,,,,,,,,,,,,,
Mexico,MEX,"Population aged 15-64, total",SP.POP.1564.IN,2018 Oct,201810,,,,,,,,,,,,,,,,,,,,,,,,,,,,,,,,,,,,,,,,,,,,,,,,,,
Micronesia,FSM,"Population aged 15-64, total",SP.POP.1564.IN,2018 Oct,201810,,,,,,,,,,,,,,,,,,,,,,,,,,,,,,,,,,,,,,,,,,,,,,,,,,
Middle East & North Africa,MNA,"Population aged 15-64, total",SP.POP.1564.IN,2018 Oct,201810,,,,,,,,,,,,,,,,,,,,,,,,,,,,,,,,,,,,,,,,,,,,,,,,,,
Middle East & North Africa (all income levels),MEA,"Population aged 15-64, total",SP.POP.1564.IN,2018 Oct,201810,,,,,,,,,,,,,,,,,,,,,,,,,,,,,,,,,,,,,,,,,,,,,,,,,,
Middle East & North Africa (IDA & IBRD),TMN,"Population aged 15-64, total",SP.POP.1564.IN,2018 Oct,201810,,,,,,,,,,,,,,,,,,,,,,,,,,,,,,,,,,,,,,,,,,,,,,,,,,
Middle East (developing only),MDE,"Population aged 15-64, total",SP.POP.1564.IN,2018 Oct,201810,,,,,,,,,,,,,,,,,,,,,,,,,,,,,,,,,,,,,,,,,,,,,,,,,,
Middle East and North Africa (IFC classification),CME,"Population aged 15-64, total",SP.POP.1564.IN,2018 Oct,201810,,,,,,,,,,,,,,,,,,,,,,,,,,,,,,,,,,,,,,,,,,,,,,,,,,
Middle income,MIC,"Population aged 15-64, total",SP.POP.1564.IN,2018 Oct,201810,,,,,,,,,,,,,,,,,,,,,,,,,,,,,,,,,,,,,,,,,,,,,,,,,,
Moldova,MDA,"Population aged 15-64, total",SP.POP.1564.IN,2018 Oct,201810,,,,,,,,,,,,,,,,,,,,,,,,,,,,,,,,,,,,,,,,,,,,,,,,,,
Monaco,MCO,"Population aged 15-64, total",SP.POP.1564.IN,2018 Oct,201810,,,,,,,,,,,,,,,,,,,,,,,,,,,,,,,,,,,,,,,,,,,,,,,,,,
Mongolia,MNG,"Population aged 15-64, total",SP.POP.1564.IN,2018 Oct,201810,,,,,,,,,,,,,,,,,,,,,,,,,,,,,,,,,,,,,,,,,,,,,,,,,,
Montenegro,MNE,"Population aged 15-64, total",SP.POP.1564.IN,2018 Oct,201810,,,,,,,,,,,,,,,,,,,,,,,,,,,,,,,,,,,,,,,,,,,,,,,,,,
Morocco,MAR,"Population aged 15-64, total",SP.POP.1564.IN,2018 Oct,201810,,,,,,,,,,,,,,,,,,,,,,,,,,,,,,,,,,,,,,,,,,,,,,,,,,
Mozambique,MOZ,"Population aged 15-64, total",SP.POP.1564.IN,2018 Oct,201810,,,,,,,,,,,,,,,,,,,,,,,,,,,,,,,,,,,,,,,,,,,,,,,,,,
Myanmar,MMR,"Population aged 15-64, total",SP.POP.1564.IN,2018 Oct,201810,,,,,,,,,,,,,,,,,,,,,,,,,,,,,,,,,,,,,,,,,,,,,,,,,,
Namibia,NAM,"Population aged 15-64, total",SP.POP.1564.IN,2018 Oct,201810,,,,,,,,,,,,,,,,,,,,,,,,,,,,,,,,,,,,,,,,,,,,,,,,,,
Nauru,NRU,"Population aged 15-64, total",SP.POP.1564.IN,2018 Oct,201810,,,,,,,,,,,,,,,,,,,,,,,,,,,,,,,,,,,,,,,,,,,,,,,,,,
Nepal,NPL,"Population aged 15-64, total",SP.POP.1564.IN,2018 Oct,201810,,,,,,,,,,,,,,,,,,,,,,,,,,,,,,,,,,,,,,,,,,,,,,,,,,
Netherlands,NLD,"Population aged 15-64, total",SP.POP.1564.IN,2018 Oct,201810,,,,,,,,,,,,,,,,,,,,,,,,,,,,,,,,,,,,,,,,,,,,,,,,,,
Netherlands Antilles,ANT,"Population aged 15-64, total",SP.POP.1564.IN,2018 Oct,201810,,,,,,,,,,,,,,,,,,,,,,,,,,,,,,,,,,,,,,,,,,,,,,,,,,
New Caledonia,NCL,"Population aged 15-64, total",SP.POP.1564.IN,2018 Oct,201810,,,,,,,,,,,,,,,,,,,,,,,,,,,,,,,,,,,,,,,,,,,,,,,,,,
New Zealand,NZL,"Population aged 15-64, total",SP.POP.1564.IN,2018 Oct,201810,,,,,,,,,,,,,,,,,,,,,,,,,,,,,,,,,,,,,,,,,,,,,,,,,,
Nicaragua,NIC,"Population aged 15-64, total",SP.POP.1564.IN,2018 Oct,201810,,,,,,,,,,,,,,,,,,,,,,,,,,,,,,,,,,,,,,,,,,,,,,,,,,
Niger,NER,"Population aged 15-64, total",SP.POP.1564.IN,2018 Oct,201810,,,,,,,,,,,,,,,,,,,,,,,,,,,,,,,,,,,,,,,,,,,,,,,,,,
Nigeria,NGA,"Population aged 15-64, total",SP.POP.1564.IN,2018 Oct,201810,,,,,,,,,,,,,,,,,,,,,,,,,,,,,,,,,,,,,,,,,,,,,,,,,,
North America,NAC,"Population aged 15-64, total",SP.POP.1564.IN,2018 Oct,201810,,,,,,,,,,,,,,,,,,,,,,,,,,,,,,,,,,,,,,,,,,,,,,,,,,
Northern Mariana Islands,MNP,"Population aged 15-64, total",SP.POP.1564.IN,2018 Oct,201810,,,,,,,,,,,,,,,,,,,,,,,,,,,,,,,,,,,,,,,,,,,,,,,,,,
Norway,NOR,"Population aged 15-64, total",SP.POP.1564.IN,2018 Oct,201810,,,,,,,,,,,,,,,,,,,,,,,,,,,,,,,,,,,,,,,,,,,,,,,,,,
OECD members,OED,"Population aged 15-64, total",SP.POP.1564.IN,2018 Oct,201810,,,,,,,,,,,,,,,,,,,,,,,,,,,,,,,,,,,,,,,,,,,,,,,,,,
Oman,OMN,"Population aged 15-64, total",SP.POP.1564.IN,2018 Oct,201810,,,,,,,,,,,,,,,,,,,,,,,,,,,,,,,,,,,,,,,,,,,,,,,,,,
Other low-income,LIO,"Population aged 15-64, total",SP.POP.1564.IN,2018 Oct,201810,,,,,,,,,,,,,,,,,,,,,,,,,,,,,,,,,,,,,,,,,,,,,,,,,,
Other small states,OSS,"Population aged 15-64, total",SP.POP.1564.IN,2018 Oct,201810,,,,,,,,,,,,,,,,,,,,,,,,,,,,,,,,,,,,,,,,,,,,,,,,,,
Pacific island small states,PSS,"Population aged 15-64, total",SP.POP.1564.IN,2018 Oct,201810,,,,,,,,,,,,,,,,,,,,,,,,,,,,,,,,,,,,,,,,,,,,,,,,,,
Pakistan,PAK,"Population aged 15-64, total",SP.POP.1564.IN,2018 Oct,201810,,,,,,,,,,,,,,,,,,,,,,,,,,,,,,,,,,,,,,,,,,,,,,,,,,
Palau,PLW,"Population aged 15-64, total",SP.POP.1564.IN,2018 Oct,201810,,,,,,,,,,,,,,,,,,,,,,,,,,,,,,,,,,,,,,,,,,,,,,,,,,
Panama,PAN,"Population aged 15-64, total",SP.POP.1564.IN,2018 Oct,201810,,,,,,,,,,,,,,,,,,,,,,,,,,,,,,,,,,,,,,,,,,,,,,,,,,
Papua New Guinea,PNG,"Population aged 15-64, total",SP.POP.1564.IN,2018 Oct,201810,,,,,,,,,,,,,,,,,,,,,,,,,,,,,,,,,,,,,,,,,,,,,,,,,,
Paraguay,PRY,"Population aged 15-64, total",SP.POP.1564.IN,2018 Oct,201810,,,,,,,,,,,,,,,,,,,,,,,,,,,,,,,,,,,,,,,,,,,,,,,,,,
Peru,PER,"Population aged 15-64, total",SP.POP.1564.IN,2018 Oct,201810,,,,,,,,,,,,,,,,,,,,,,,,,,,,,,,,,,,,,,,,,,,,,,,,,,
Philippines,PHL,"Population aged 15-64, total",SP.POP.1564.IN,2018 Oct,201810,,,,,,,,,,,,,,,,,,,,,,,,,,,,,,,,,,,,,,,,,,,,,,,,,,
Poland,POL,"Population aged 15-64, total",SP.POP.1564.IN,2018 Oct,201810,,,,,,,,,,,,,,,,,,,,,,,,,,,,,,,,,,,,,,,,,,,,,,,,,,
Portugal,PRT,"Population aged 15-64, total",SP.POP.1564.IN,2018 Oct,201810,,,,,,,,,,,,,,,,,,,,,,,,,,,,,,,,,,,,,,,,,,,,,,,,,,
Post-demographic dividend,PST,"Population aged 15-64, total",SP.POP.1564.IN,2018 Oct,201810,,,,,,,,,,,,,,,,,,,,,,,,,,,,,,,,,,,,,,,,,,,,,,,,,,
Pre-demographic dividend,PRE,"Population aged 15-64, total",SP.POP.1564.IN,2018 Oct,201810,,,,,,,,,,,,,,,,,,,,,,,,,,,,,,,,,,,,,,,,,,,,,,,,,,
Puerto Rico,PRI,"Population aged 15-64, total",SP.POP.1564.IN,2018 Oct,201810,,,,,,,,,,,,,,,,,,,,,,,,,,,,,,,,,,,,,,,,,,,,,,,,,,
Qatar,QAT,"Population aged 15-64, total",SP.POP.1564.IN,2018 Oct,201810,,,,,,,,,,,,,,,,,,,,,,,,,,,,,,,,,,,,,,,,,,,,,,,,,,
Reunion,REU,"Population aged 15-64, total",SP.POP.1564.IN,2018 Oct,201810,,,,,,,,,,,,,,,,,,,,,,,,,,,,,,,,,,,,,,,,,,,,,,,,,,
Romania,ROU,"Population aged 15-64, total",SP.POP.1564.IN,2018 Oct,201810,,,,,,,,,,,,,,,,,,,,,,,,,,,,,,,,,,,,,,,,,,,,,,,,,,
Russia,RUS,"Population aged 15-64, total",SP.POP.1564.IN,2018 Oct,201810,,,,,,,,,,,,,,,,,,,,,,,,,,,,,,,,,,,,,,,,,,,,,,,,,,
Rwanda,RWA,"Population aged 15-64, total",SP.POP.1564.IN,2018 Oct,201810,,,,,,,,,,,,,,,,,,,,,,,,,,,,,,,,,,,,,,,,,,,,,,,,,,
Samoa,WSM,"Population aged 15-64, total",SP.POP.1564.IN,2018 Oct,201810,,,,,,,,,,,,,,,,,,,,,,,,,,,,,,,,,,,,,,,,,,,,,,,,,,
San Marino,SMR,"Population aged 15-64, total",SP.POP.1564.IN,2018 Oct,201810,,,,,,,,,,,,,,,,,,,,,,,,,,,,,,,,,,,,,,,,,,,,,,,,,,
Sao Tome and Principe,STP,"Population aged 15-64, total",SP.POP.1564.IN,2018 Oct,201810,,,,,,,,,,,,,,,,,,,,,,,,,,,,,,,,,,,,,,,,,,,,,,,,,,
Saudi Arabia,SAU,"Population aged 15-64, total",SP.POP.1564.IN,2018 Oct,201810,,,,,,,,,,,,,,,,,,,,,,,,,,,,,,,,,,,,,,,,,,,,,,,,,,
Senegal,SEN,"Population aged 15-64, total",SP.POP.1564.IN,2018 Oct,201810,,,,,,,,,,,,,,,,,,,,,,,,,,,,,,,,,,,,,,,,,,,,,,,,,,
Serbia,SRB,"Population aged 15-64, total",SP.POP.1564.IN,2018 Oct,201810,,,,,,,,,,,,,,,,,,,,,,,,,,,,,,,,,,,,,,,,,,,,,,,,,,
Serbia and Montenegro,YUG,"Population aged 15-64, total",SP.POP.1564.IN,2018 Oct,201810,,,,,,,,,,,,,,,,,,,,,,,,,,,,,,,,,,,,,,,,,,,,,,,,,,
Severely Indebted,ISD,"Population aged 15-64, total",SP.POP.1564.IN,2018 Oct,201810,,,,,,,,,,,,,,,,,,,,,,,,,,,,,,,,,,,,,,,,,,,,,,,,,,
Seychelles,SYC,"Population aged 15-64, total",SP.POP.1564.IN,2018 Oct,201810,,,,,,,,,,,,,,,,,,,,,,,,,,,,,,,,,,,,,,,,,,,,,,,,,,
Sierra Leone,SLE,"Population aged 15-64, total",SP.POP.1564.IN,2018 Oct,201810,,,,,,,,,,,,,,,,,,,,,,,,,,,,,,,,,,,,,,,,,,,,,,,,,,
Singapore,SGP,"Population aged 15-64, total",SP.POP.1564.IN,2018 Oct,201810,,,,,,,,,,,,,,,,,,,,,,,,,,,,,,,,,,,,,,,,,,,,,,,,,,
Sint Maarten (Dutch part),SXM,"Population aged 15-64, total",SP.POP.1564.IN,2018 Oct,201810,,,,,,,,,,,,,,,,,,,,,,,,,,,,,,,,,,,,,,,,,,,,,,,,,,
Slovak Republic,SVK,"Population aged 15-64, total",SP.POP.1564.IN,2018 Oct,201810,,,,,,,,,,,,,,,,,,,,,,,,,,,,,,,,,,,,,,,,,,,,,,,,,,
Slovenia,SVN,"Population aged 15-64, total",SP.POP.1564.IN,2018 Oct,201810,,,,,,,,,,,,,,,,,,,,,,,,,,,,,,,,,,,,,,,,,,,,,,,,,,
Small states,SST,"Population aged 15-64, total",SP.POP.1564.IN,2018 Oct,201810,,,,,,,,,,,,,,,,,,,,,,,,,,,,,,,,,,,,,,,,,,,,,,,,,,
Solomon Islands,SLB,"Population aged 15-64, total",SP.POP.1564.IN,2018 Oct,201810,,,,,,,,,,,,,,,,,,,,,,,,,,,,,,,,,,,,,,,,,,,,,,,,,,
Somalia,SOM,"Population aged 15-64, total",SP.POP.1564.IN,2018 Oct,201810,,,,,,,,,,,,,,,,,,,,,,,,,,,,,,,,,,,,,,,,,,,,,,,,,,
South Africa,ZAF,"Population aged 15-64, total",SP.POP.1564.IN,2018 Oct,201810,,,,,,,,,,,,,,,,,,,,,,,,,,,,,,,,,,,,,,,,,,,,,,,,,,
South Asia,SAS,"Population aged 15-64, total",SP.POP.1564.IN,2018 Oct,201810,,,,,,,,,,,,,,,,,,,,,,,,,,,,,,,,,,,,,,,,,,,,,,,,,,
South Asia (IDA & IBRD),TSA,"Population aged 15-64, total",SP.POP.1564.IN,2018 Oct,201810,,,,,,,,,,,,,,,,,,,,,,,,,,,,,,,,,,,,,,,,,,,,,,,,,,
South Asia (IFC classification),CSA,"Population aged 15-64, total",SP.POP.1564.IN,2018 Oct,201810,,,,,,,,,,,,,,,,,,,,,,,,,,,,,,,,,,,,,,,,,,,,,,,,,,
South Sudan,SSD,"Population aged 15-64, total",SP.POP.1564.IN,2018 Oct,201810,,,,,,,,,,,,,,,,,,,,,,,,,,,,,,,,,,,,,,,,,,,,,,,,,,
Spain,ESP,"Population aged 15-64, total",SP.POP.1564.IN,2018 Oct,201810,,,,,,,,,,,,,,,,,,,,,,,,,,,,,,,,,,,,,,,,,,,,,,,,,,
Sri Lanka,LKA,"Population aged 15-64, total",SP.POP.1564.IN,2018 Oct,201810,,,,,,,,,,,,,,,,,,,,,,,,,,,,,,,,,,,,,,,,,,,,,,,,,,
St. Kitts and Nevis,KNA,"Population aged 15-64, total",SP.POP.1564.IN,2018 Oct,201810,,,,,,,,,,,,,,,,,,,,,,,,,,,,,,,,,,,,,,,,,,,,,,,,,,
St. Lucia,LCA,"Population aged 15-64, total",SP.POP.1564.IN,2018 Oct,201810,,,,,,,,,,,,,,,,,,,,,,,,,,,,,,,,,,,,,,,,,,,,,,,,,,
St. Martin (French part),MAF,"Population aged 15-64, total",SP.POP.1564.IN,2018 Oct,201810,,,,,,,,,,,,,,,,,,,,,,,,,,,,,,,,,,,,,,,,,,,,,,,,,,
St. Vincent and the Grenadines,VCT,"Population aged 15-64, total",SP.POP.1564.IN,2018 Oct,201810,,,,,,,,,,,,,,,,,,,,,,,,,,,,,,,,,,,,,,,,,,,,,,,,,,
Sub-Saharan Africa,SSA,"Population aged 15-64, total",SP.POP.1564.IN,2018 Oct,201810,,,,,,,,,,,,,,,,,,,,,,,,,,,,,,,,,,,,,,,,,,,,,,,,,,
Sub-Saharan Africa (all income levels),SSF,"Population aged 15-64, total",SP.POP.1564.IN,2018 Oct,201810,,,,,,,,,,,,,,,,,,,,,,,,,,,,,,,,,,,,,,,,,,,,,,,,,,
SUB-SAHARAN AFRICA (excl. Nigeria),SXN,"Population aged 15-64, total",SP.POP.1564.IN,2018 Oct,201810,,,,,,,,,,,,,,,,,,,,,,,,,,,,,,,,,,,,,,,,,,,,,,,,,,
Sub-Saharan Africa (IDA & IBRD),TSS,"Population aged 15-64, total",SP.POP.1564.IN,2018 Oct,201810,,,,,,,,,,,,,,,,,,,,,,,,,,,,,,,,,,,,,,,,,,,,,,,,,,
Sub-Saharan Africa (IFC classification),CAA,"Population aged 15-64, total",SP.POP.1564.IN,2018 Oct,201810,,,,,,,,,,,,,,,,,,,,,,,,,,,,,,,,,,,,,,,,,,,,,,,,,,
Sudan,SDN,"Population aged 15-64, total",SP.POP.1564.IN,2018 Oct,201810,,,,,,,,,,,,,,,,,,,,,,,,,,,,,,,,,,,,,,,,,,,,,,,,,,
Suriname,SUR,"Population aged 15-64, total",SP.POP.1564.IN,2018 Oct,201810,,,,,,,,,,,,,,,,,,,,,,,,,,,,,,,,,,,,,,,,,,,,,,,,,,
Swaziland,SWZ,"Population aged 15-64, total",SP.POP.1564.IN,2018 Oct,201810,,,,,,,,,,,,,,,,,,,,,,,,,,,,,,,,,,,,,,,,,,,,,,,,,,
Sweden,SWE,"Population aged 15-64, total",SP.POP.1564.IN,2018 Oct,201810,,,,,,,,,,,,,,,,,,,,,,,,,,,,,,,,,,,,,,,,,,,,,,,,,,
Switzerland,CHE,"Population aged 15-64, total",SP.POP.1564.IN,2018 Oct,201810,,,,,,,,,,,,,,,,,,,,,,,,,,,,,,,,,,,,,,,,,,,,,,,,,,
Syrian Arab Republic,SYR,"Population aged 15-64, total",SP.POP.1564.IN,2018 Oct,201810,,,,,,,,,,,,,,,,,,,,,,,,,,,,,,,,,,,,,,,,,,,,,,,,,,
"Taiwan, China",TWN,"Population aged 15-64, total",SP.POP.1564.IN,2018 Oct,201810,,,,,,,,,,,,,,,,,,,,,,,,,,,,,,,,,,,,,,,,,,,,,,,,,,
Tajikistan,TJK,"Population aged 15-64, total",SP.POP.1564.IN,2018 Oct,201810,,,,,,,,,,,,,,,,,,,,,,,,,,,,,,,,,,,,,,,,,,,,,,,,,,
Tanzania,TZA,"Population aged 15-64, total",SP.POP.1564.IN,2018 Oct,201810,,,,,,,,,,,,,,,,,,,,,,,,,,,,,,,,,,,,,,,,,,,,,,,,,,
Thailand,THA,"Population aged 15-64, total",SP.POP.1564.IN,2018 Oct,201810,,,,,,,,,,,,,,,,,,,,,,,,,,,,,,,,,,,,,,,,,,,,,,,,,,
Timor-Leste,TLS,"Population aged 15-64, total",SP.POP.1564.IN,2018 Oct,201810,,,,,,,,,,,,,,,,,,,,,,,,,,,,,,,,,,,,,,,,,,,,,,,,,,
Togo,TGO,"Population aged 15-64, total",SP.POP.1564.IN,2018 Oct,201810,,,,,,,,,,,,,,,,,,,,,,,,,,,,,,,,,,,,,,,,,,,,,,,,,,
Tonga,TON,"Population aged 15-64, total",SP.POP.1564.IN,2018 Oct,201810,,,,,,,,,,,,,,,,,,,,,,,,,,,,,,,,,,,,,,,,,,,,,,,,,,
Trinidad and Tobago,TTO,"Population aged 15-64, total",SP.POP.1564.IN,2018 Oct,201810,,,,,,,,,,,,,,,,,,,,,,,,,,,,,,,,,,,,,,,,,,,,,,,,,,
Tunisia,TUN,"Population aged 15-64, total",SP.POP.1564.IN,2018 Oct,201810,,,,,,,,,,,,,,,,,,,,,,,,,,,,,,,,,,,,,,,,,,,,,,,,,,
Turkey,TUR,"Population aged 15-64, total",SP.POP.1564.IN,2018 Oct,201810,,,,,,,,,,,,,,,,,,,,,,,,,,,,,,,,,,,,,,,,,,,,,,,,,,
Turkmenistan,TKM,"Population aged 15-64, total",SP.POP.1564.IN,2018 Oct,201810,,,,,,,,,,,,,,,,,,,,,,,,,,,,,,,,,,,,,,,,,,,,,,,,,,
Turks and Caicos Islands,TCA,"Population aged 15-64, total",SP.POP.1564.IN,2018 Oct,201810,,,,,,,,,,,,,,,,,,,,,,,,,,,,,,,,,,,,,,,,,,,,,,,,,,
Tuvalu,TUV,"Population aged 15-64, total",SP.POP.1564.IN,2018 Oct,201810,,,,,,,,,,,,,,,,,,,,,,,,,,,,,,,,,,,,,,,,,,,,,,,,,,
Uganda,UGA,"Population aged 15-64, total",SP.POP.1564.IN,2018 Oct,201810,,,,,,,,,,,,,,,,,,,,,,,,,,,,,,,,,,,,,,,,,,,,,,,,,,
Ukraine,UKR,"Population aged 15-64, total",SP.POP.1564.IN,2018 Oct,201810,,,,,,,,,,,,,,,,,,,,,,,,,,,,,,,,,,,,,,,,,,,,,,,,,,
United Arab Emirates,ARE,"Population aged 15-64, total",SP.POP.1564.IN,2018 Oct,201810,,,,,,,,,,,,,,,,,,,,,,,,,,,,,,,,,,,,,,,,,,,,,,,,,,
United Kingdom,GBR,"Population aged 15-64, total",SP.POP.1564.IN,2018 Oct,201810,,,,,,,,,,,,,,,,,,,,,,,,,,,,,,,,,,,,,,,,,,,,,,,,,,
United States,USA,"Population aged 15-64, total",SP.POP.1564.IN,2018 Oct,201810,,,,,,,,,,,,,,,,,,,,,,,,,,,,,,,,,,,,,,,,,,,,,,,,,,
Upper middle income,UMC,"Population aged 15-64, total",SP.POP.1564.IN,2018 Oct,201810,,,,,,,,,,,,,,,,,,,,,,,,,,,,,,,,,,,,,,,,,,,,,,,,,,
Uruguay,URY,"Population aged 15-64, total",SP.POP.1564.IN,2018 Oct,201810,,,,,,,,,,,,,,,,,,,,,,,,,,,,,,,,,,,,,,,,,,,,,,,,,,
Uzbekistan,UZB,"Population aged 15-64, total",SP.POP.1564.IN,2018 Oct,201810,,,,,,,,,,,,,,,,,,,,,,,,,,,,,,,,,,,,,,,,,,,,,,,,,,
Vanuatu,VUT,"Population aged 15-64, total",SP.POP.1564.IN,2018 Oct,201810,,,,,,,,,,,,,,,,,,,,,,,,,,,,,,,,,,,,,,,,,,,,,,,,,,
Venezuela,VEN,"Population aged 15-64, total",SP.POP.1564.IN,2018 Oct,201810,,,,,,,,,,,,,,,,,,,,,,,,,,,,,,,,,,,,,,,,,,,,,,,,,,
Vietnam,VNM,"Population aged 15-64, total",SP.POP.1564.IN,2018 Oct,201810,,,,,,,,,,,,,,,,,,,,,,,,,,,,,,,,,,,,,,,,,,,,,,,,,,
Virgin Islands,VIR,"Population aged 15-64, total",SP.POP.1564.IN,2018 Oct,201810,,,,,,,,,,,,,,,,,,,,,,,,,,,,,,,,,,,,,,,,,,,,,,,,,,
West Bank and Gaza,PSE,"Population aged 15-64, total",SP.POP.1564.IN,2018 Oct,201810,,,,,,,,,,,,,,,,,,,,,,,,,,,,,,,,,,,,,,,,,,,,,,,,,,
World,WLD,"Population aged 15-64, total",SP.POP.1564.IN,2018 Oct,201810,,,,,,,,,,,,,,,,,,,,,,,,,,,,,,,,,,,,,,,,,,,,,,,,,,
Yemen,YEM,"Population aged 15-64, total",SP.POP.1564.IN,2018 Oct,201810,,,,,,,,,,,,,,,,,,,,,,,,,,,,,,,,,,,,,,,,,,,,,,,,,,
"Yemen, PDR",YMD,"Population aged 15-64, total",SP.POP.1564.IN,2018 Oct,201810,,,,,,,,,,,,,,,,,,,,,,,,,,,,,,,,,,,,,,,,,,,,,,,,,,
Zambia,ZMB,"Population aged 15-64, total",SP.POP.1564.IN,2018 Oct,201810,,,,,,,,,,,,,,,,,,,,,,,,,,,,,,,,,,,,,,,,,,,,,,,,,,
Zimbabwe,ZWE,"Population aged 15-64, total",SP.POP.1564.IN,2018 Oct,201810,,,,,,,,,,,,,,,,,,,,,,,,,,,,,,,,,,,,,,,,,,,,,,,,,,
,,,,,,,,,,,,,,,,,,,,,,,,,,,,,,,,,,,,,,,,,,,,,,,,,,,,,,,
,,,,,,,,,,,,,,,,,,,,,,,,,,,,,,,,,,,,,,,,,,,,,,,,,,,,,,,
,,,,,,,,,,,,,,,,,,,,,,,,,,,,,,,,,,,,,,,,,,,,,,,,,,,,,,,
Data from database: WDI Database Archives (beta),,,,,,,,,,,,,,,,,,,,,,,,,,,,,,,,,,,,,,,,,,,,,,,,,,,,,,,
Last Updated: 02/22/2019,,,,,,,,,,,,,,,,,,,,,,,,,,,,,,,,,,,,,,,,,,,,,,,,,,,,,,,
